repo	path	status	size	sha256	kind
third_party/buildroot	board/nintendo3ds/rootfs_overlay/init	changed	234868	7d9beda42021361236c3622307f060e86c7e4dae1b4513ddeba3d0da2b7651cc	build output or media: rebuilt by scripts/, also in the release zip
third_party/buildroot	board/nintendo3ds/rootfs_overlay/system/app/Browser.apk	changed	736611	b066c985c5ed7a701d368f9d67eea42291841112b34df3b160264bf7a01ab40f	build output or media: rebuilt by scripts/, also in the release zip
third_party/buildroot	board/nintendo3ds/rootfs_overlay/system/app/Browser.odex	changed	244448	f7431f378b5b94d3e325b3d1f3f27b9af43ec542b1eec60f22184db2338d6f50	build output or media: rebuilt by scripts/, also in the release zip
third_party/buildroot	board/nintendo3ds/rootfs_overlay/system/app/Camera.apk	changed	1038260	b9f1e79b1d4f694601fb05dd5afbdab477eaf48efbf4215a34fa9c8382e4fae9	build output or media: rebuilt by scripts/, also in the release zip
third_party/buildroot	board/nintendo3ds/rootfs_overlay/system/app/Camera.odex	changed	334568	cb1cca4f1ad8750755a4e85dbdbb7593b8ddc10470fc66b1ba3687d87286c1fd	build output or media: rebuilt by scripts/, also in the release zip
third_party/buildroot	board/nintendo3ds/rootfs_overlay/system/app/ContactsProvider.apk	changed	141524	2f6b95fe013751a029059c44bd8dd69425b1447e947c6cf5ba53b3cd245d9355	build output or media: rebuilt by scripts/, also in the release zip
third_party/buildroot	board/nintendo3ds/rootfs_overlay/system/app/ContactsProvider.odex	changed	340832	4b633cae71fa4a04961ddbe8c7468cbc559d86d4f7c2bec530a9c80594de1199	build output or media: rebuilt by scripts/, also in the release zip
third_party/buildroot	board/nintendo3ds/rootfs_overlay/system/app/Development.apk	changed	30160	a8429d7b8d449ebc375f557602d4aa39d8cd7a6c60bf8d6951ee514ac9497fc1	build output or media: rebuilt by scripts/, also in the release zip
third_party/buildroot	board/nintendo3ds/rootfs_overlay/system/app/Development.odex	changed	37120	a92186dd6ef6ff431015bb39c5745a8c1118711003a99fa65ef50534917e8060	build output or media: rebuilt by scripts/, also in the release zip
third_party/buildroot	board/nintendo3ds/rootfs_overlay/system/app/GPU-Z.apk	changed	21659	236a40e4de6d6ea438eed6ab60e0cb09510d37fe5d7d0dba1a2a9e8142710f70	build output or media: rebuilt by scripts/, also in the release zip
third_party/buildroot	board/nintendo3ds/rootfs_overlay/system/app/GPU-Z.odex	changed	28464	65c196442f530c53860eb155f65c9ae8f6c63be84f0c71228e7e80e6e38a7c48	build output or media: rebuilt by scripts/, also in the release zip
third_party/buildroot	board/nintendo3ds/rootfs_overlay/system/app/GlobalTime.apk	changed	203737	8f091ba53a00ee224ceca8c9151a78cee88430fda0648b9413bf98e1b5dfce25	build output or media: rebuilt by scripts/, also in the release zip
third_party/buildroot	board/nintendo3ds/rootfs_overlay/system/app/GlobalTime.odex	changed	55192	3318e7b183d7a57ca169c7ec380f67e29b6984ab2f10089345cb472943cc3db3	build output or media: rebuilt by scripts/, also in the release zip
third_party/buildroot	board/nintendo3ds/rootfs_overlay/system/app/LatinIME.apk	changed	1666353	3fec49da5ab8221c58f07418798c8d49d30473ebc06e5c263678b470bd9b830a	build output or media: rebuilt by scripts/, also in the release zip
third_party/buildroot	board/nintendo3ds/rootfs_overlay/system/app/LatinIME.odex	changed	83368	8b47b673e0b4213551e6f9b51e6afe751051242b455899fdc5e73fc1d109637e	build output or media: rebuilt by scripts/, also in the release zip
third_party/buildroot	board/nintendo3ds/rootfs_overlay/system/app/Launcher2.apk	changed	8462680	c9b97bf8f1b9eea2ce44b1e4d13ef958794c794c329fff497116929cbb5394f7	build output or media: rebuilt by scripts/, also in the release zip
third_party/buildroot	board/nintendo3ds/rootfs_overlay/system/app/Launcher2.odex	changed	200216	cec3476696a4ff0ee9c6af1b693b984eba1b1aab2ec72abb28b17ce1fa34275d	build output or media: rebuilt by scripts/, also in the release zip
third_party/buildroot	board/nintendo3ds/rootfs_overlay/system/app/MediaProvider.apk	changed	49683	af70fddb7b4bfb63e4374d07daad4164aa6fdb8fe06818025787e55e68c80f78	build output or media: rebuilt by scripts/, also in the release zip
third_party/buildroot	board/nintendo3ds/rootfs_overlay/system/app/MediaProvider.odex	changed	68112	1a2e1a9ad8bf97aa53eccf39f07aeaa033b3061d3faa98e503afcca9864f325e	build output or media: rebuilt by scripts/, also in the release zip
third_party/buildroot	board/nintendo3ds/rootfs_overlay/system/app/MicTest.apk	changed	15956	bcfea154b3c76a76a1d5464616b80ea648179927aa1662ce3fe6d9724073f12f	build output or media: rebuilt by scripts/, also in the release zip
third_party/buildroot	board/nintendo3ds/rootfs_overlay/system/app/MicTest.odex	changed	19464	0d1c0b3307dd6c32d4f89142ed17a04a6f3e1cd1662273bfed443de4122aaafb	build output or media: rebuilt by scripts/, also in the release zip
third_party/buildroot	board/nintendo3ds/rootfs_overlay/system/app/Mms.apk	changed	959097	11532ca57b2dd9eed7c097ad94578e0cd0fa42cec453b08b62013a127db2d606	build output or media: rebuilt by scripts/, also in the release zip
third_party/buildroot	board/nintendo3ds/rootfs_overlay/system/app/Mms.odex	changed	484680	382888a07681e3c4a66d2c0bb1987cca46819a99b664ebebde71419a361e4e05	build output or media: rebuilt by scripts/, also in the release zip
third_party/buildroot	board/nintendo3ds/rootfs_overlay/system/app/N3DSBenchmark.apk	changed	8541	a8cc991efabe866e46fedc300e361f2c852ef4321a87ab12bd9f8e8aacfd0617	build output or media: rebuilt by scripts/, also in the release zip
third_party/buildroot	board/nintendo3ds/rootfs_overlay/system/app/N3DSSpeedTest.apk	changed	16656	1567389643817b26080cfed7c8270e66ca44eb04b090b7c3a8a117c97eaca8e1	build output or media: rebuilt by scripts/, also in the release zip
third_party/buildroot	board/nintendo3ds/rootfs_overlay/system/app/N3dsDialer.apk	changed	31235	a8681f955f0fbc3e0cfed8499d8a0512d5fe1e27ffc1013e7412d427d6fbcd0b	build output or media: rebuilt by scripts/, also in the release zip
third_party/buildroot	board/nintendo3ds/rootfs_overlay/system/app/N3dsDialer.odex	changed	53272	ecb2f62c6bc6c530660cb46ac8658e9065108d6e65dbbab4b2fd3c0944d7bc66	build output or media: rebuilt by scripts/, also in the release zip
third_party/buildroot	board/nintendo3ds/rootfs_overlay/system/app/Phone.apk	changed	1906918	802e836fe2c65a7d6c5b0420626f7dbde04254974a4379f3ccfc55723cad7954	build output or media: rebuilt by scripts/, also in the release zip
third_party/buildroot	board/nintendo3ds/rootfs_overlay/system/app/Phone.odex	changed	587208	5a077d85b48b76728bc9c6fb1306c67ea23a7d29e53227a97c0ed1f97119ad7d	build output or media: rebuilt by scripts/, also in the release zip
third_party/buildroot	board/nintendo3ds/rootfs_overlay/system/app/Settings.apk	changed	2728194	996a711f6fa65a1571d5ba8a0b03f31ff42e6ed2dcb4d6824914aea9d78abc4e	build output or media: rebuilt by scripts/, also in the release zip
third_party/buildroot	board/nintendo3ds/rootfs_overlay/system/app/Settings.odex	changed	422192	69c679af71fc4600829d6b32d0900dc4a05c0d1583bf17de798f9c039d5c1648	build output or media: rebuilt by scripts/, also in the release zip
third_party/buildroot	board/nintendo3ds/rootfs_overlay/system/app/SettingsProvider.apk	changed	39162	a5b7921bf42504a6e245374b48676c9a15dcca06475cf1399de5c8042c612dda	build output or media: rebuilt by scripts/, also in the release zip
third_party/buildroot	board/nintendo3ds/rootfs_overlay/system/app/SettingsProvider.odex	changed	39592	f3fa0d8599c4ad74c9810e3e0f5ff060bee5fcf5f23e0693fa220371b43c1e21	build output or media: rebuilt by scripts/, also in the release zip
third_party/buildroot	board/nintendo3ds/rootfs_overlay/system/app/TelephonyProvider.apk	changed	45198	cfbf07959bd6c1b196647e0de08826c877ec34459cdffcbd89ae83009aaadd29	build output or media: rebuilt by scripts/, also in the release zip
third_party/buildroot	board/nintendo3ds/rootfs_overlay/system/app/TelephonyProvider.odex	changed	76984	19bf3b4983199d46628f525ada2cddfe7adb2416de5b91e97127343ef7dff2b3	build output or media: rebuilt by scripts/, also in the release zip
third_party/buildroot	board/nintendo3ds/rootfs_overlay/system/app/TouchDiagnostic.apk	changed	10397	e6dcd567b948020319bd2e0b58a5d2c45ddbb54e8a0918fdc17b6c0a5e636cf5	build output or media: rebuilt by scripts/, also in the release zip
third_party/buildroot	board/nintendo3ds/rootfs_overlay/system/app/TouchDiagnostic.odex	changed	12272	567499f28e88ff93f421d60adbc257f2240d19777a51dabad2afa31b6f0afc82	build output or media: rebuilt by scripts/, also in the release zip
third_party/buildroot	board/nintendo3ds/rootfs_overlay/system/bin/adbd	changed	303708	28015a26a0446458af1a95005c22eb11efbe14e979743981cf5a9b5792cf4191	build output or media: rebuilt by scripts/, also in the release zip
third_party/buildroot	board/nintendo3ds/rootfs_overlay/system/bin/app_process	changed	13256764	2d0fe37979dfb00fbf5e7d1c105b6388c5481f589f970a8b2dcc3c5f62147027	build output or media: rebuilt by scripts/, also in the release zip
third_party/buildroot	board/nintendo3ds/rootfs_overlay/system/bin/app_process_debug	changed	13260884	a76ab4e67757d53463436f69d693d155b14075845dfa7fd86be1c0a747c78e44	build output or media: rebuilt by scripts/, also in the release zip
third_party/buildroot	board/nintendo3ds/rootfs_overlay/system/bin/bootanimation	changed	275840	7cf8e3d045acb58e75ca8b1dc4896968ff9d30da703c8bdd0f7b4d1ee60efdb0	build output or media: rebuilt by scripts/, also in the release zip
third_party/buildroot	board/nintendo3ds/rootfs_overlay/system/bin/dexopt	changed	5580576	94651a30b6dd8a74a4461ed187aadf55353510bed1a40915dbf3a714eb9fb5f8	build output or media: rebuilt by scripts/, also in the release zip
third_party/buildroot	board/nintendo3ds/rootfs_overlay/system/bin/dsp_chime	changed	562100	d34009399e92bc1722091a16f51af91a7af8e9bdaf3707d2d9c87b76d3e0c931	build output or media: rebuilt by scripts/, also in the release zip
third_party/buildroot	board/nintendo3ds/rootfs_overlay/system/bin/dyntest	changed	6620	780aab5625fd0473727910c2ad5c38c5e0757abb3508d19032b405ebfd664796	build output or media: rebuilt by scripts/, also in the release zip
third_party/buildroot	board/nintendo3ds/rootfs_overlay/system/bin/fbtest	changed	222588	0dca2dc6b6741278f4bf635a9fa1fe777b0daccaf6f9f4c27be6943950e108e1	build output or media: rebuilt by scripts/, also in the release zip
third_party/buildroot	board/nintendo3ds/rootfs_overlay/system/bin/getprop	changed	119940	b33764c060607b900a817b4894cae0538f4e32f4f91c02a0bbcaec0716edc0fe	build output or media: rebuilt by scripts/, also in the release zip
third_party/buildroot	board/nintendo3ds/rootfs_overlay/system/bin/installd	changed	163860	8a440c289ac6be2574425e48468b84650a84dd53599edee84845a5942c11233b	build output or media: rebuilt by scripts/, also in the release zip
third_party/buildroot	board/nintendo3ds/rootfs_overlay/system/bin/linker	changed	99984	bb023dd5c29101c2d046cdc8b608dd6d71d2dea691260553fb3eafe831500252	build output or media: rebuilt by scripts/, also in the release zip
third_party/buildroot	board/nintendo3ds/rootfs_overlay/system/bin/logcat	changed	193904	f9982f4492dadd69b85f2d416c7f92c08f5dbfafddea2f5f7d452d04a43d6868	build output or media: rebuilt by scripts/, also in the release zip
third_party/buildroot	board/nintendo3ds/rootfs_overlay/system/bin/mediaserver	changed	854036	301b7fefc97801474d9cadafeb4b488a7d16f2de299d9c8a7f880f9799851921	build output or media: rebuilt by scripts/, also in the release zip
third_party/buildroot	board/nintendo3ds/rootfs_overlay/system/bin/pica200_smoketest	changed	562384	8a341101348d5c12d4afb2fae8d8201cc1a54f6449d0182fd7ac8aa55b6f4ee7	build output or media: rebuilt by scripts/, also in the release zip
third_party/buildroot	board/nintendo3ds/rootfs_overlay/system/bin/setprop	changed	119940	4dd925a8ecc6c4cf7f5a5c39f99c5b1018115f5717482e0e7b038cfb5f075c72	build output or media: rebuilt by scripts/, also in the release zip
third_party/buildroot	board/nintendo3ds/rootfs_overlay/system/bin/surfaceflinger	changed	694632	4712e6cce9f7dad3cdf92ade61b21e8f121574a2a3babd3d192b893722210d23	build output or media: rebuilt by scripts/, also in the release zip
third_party/buildroot	board/nintendo3ds/rootfs_overlay/system/bin/telco_https	changed	1190564	cda82f3269ffab411959b44a56299ce1da29a5044c6c1c98c1e9710840a191b5	build output or media: rebuilt by scripts/, also in the release zip
third_party/buildroot	board/nintendo3ds/rootfs_overlay/system/fonts/DroidSans-Bold.ttf	changed	191032	b631b677af5aa7316297a8b56a1fe3bb1da706737f8c9785d5a5fc94faae1ea9	build output or media: rebuilt by scripts/, also in the release zip
third_party/buildroot	board/nintendo3ds/rootfs_overlay/system/fonts/DroidSans.ttf	changed	190044	4e2371bc0e4cf6983342e150412f140da79d674c9be0b56458401f581072ecd3	build output or media: rebuilt by scripts/, also in the release zip
third_party/buildroot	board/nintendo3ds/rootfs_overlay/system/fonts/DroidSansFallback.ttf	changed	3081908	82a74d0ef369ec7979172023cfff87f04f0a617a2871c39ef6aeb0f399c5cdaf	build output or media: rebuilt by scripts/, also in the release zip
third_party/buildroot	board/nintendo3ds/rootfs_overlay/system/fonts/DroidSansJapanese.ttf	changed	1173140	935867c21b8484c959170e62879460ae9363eae91f9b35e4519d24080e2eac30	build output or media: rebuilt by scripts/, also in the release zip
third_party/buildroot	board/nintendo3ds/rootfs_overlay/system/fonts/DroidSansMono.ttf	changed	117072	089bdaac95caeed25a8392a6f0606328d009473119f1c7465b642d5cebe5320c	build output or media: rebuilt by scripts/, also in the release zip
third_party/buildroot	board/nintendo3ds/rootfs_overlay/system/fonts/DroidSerif-Bold.ttf	changed	184836	ed3235ab9bf3551d3739a3978ae8bb21493cf37046f3a01f557f9df7ef03219f	build output or media: rebuilt by scripts/, also in the release zip
third_party/buildroot	board/nintendo3ds/rootfs_overlay/system/fonts/DroidSerif-BoldItalic.ttf	changed	189916	07c980b43ce8d263f1051521cfd0514a3d6eadb5fa386e1c383f8e4acf7fa2a3	build output or media: rebuilt by scripts/, also in the release zip
third_party/buildroot	board/nintendo3ds/rootfs_overlay/system/fonts/DroidSerif-Italic.ttf	changed	177176	76c161e3e0af1d0abf04b717d1126e9e263159889a581d85613178765d73093d	build output or media: rebuilt by scripts/, also in the release zip
third_party/buildroot	board/nintendo3ds/rootfs_overlay/system/fonts/DroidSerif-Regular.ttf	changed	172532	57e4e2f2bc0194e05be42b40826f0c7d2b046047e0e94b8bdddef10bc47470fb	build output or media: rebuilt by scripts/, also in the release zip
third_party/buildroot	board/nintendo3ds/rootfs_overlay/system/framework/core.jar	changed	1429142	dc5bcdd4300b907c7e09a9c8ddc14d46099edd859a0ff36fc84502ed19a06795	build output or media: rebuilt by scripts/, also in the release zip
third_party/buildroot	board/nintendo3ds/rootfs_overlay/system/framework/framework-res.apk	changed	5233704	ee383eadeee798e26e01a39d81cf29a80db3f91be11f606707d68fe13d21c2b3	build output or media: rebuilt by scripts/, also in the release zip
third_party/buildroot	board/nintendo3ds/rootfs_overlay/system/framework/framework.jar	changed	2407591	e88d91192cb8c4e055c4e037138eb9c33acef28be226c121e5979e4cbdc044f0	build output or media: rebuilt by scripts/, also in the release zip
third_party/buildroot	board/nintendo3ds/rootfs_overlay/system/framework/services.jar	changed	488241	0d39c7dc734fb4e8f23462c5fa34bcc3042022ddace00decbff6a2a86636e9e9	build output or media: rebuilt by scripts/, also in the release zip
third_party/buildroot	board/nintendo3ds/rootfs_overlay/system/lib/libc.so	changed	588836	3f66f1e4d9739de91fa9b91ea7e387876a609aa7b8a73c1fe3979f484838bd05	build output or media: rebuilt by scripts/, also in the release zip
third_party/buildroot	board/nintendo3ds/rootfs_overlay/system/lib/libdl.so	changed	5312	a48dfc2973d8c7fa842b33899118e3fe8fe3a562462d201d75f5d66ecabd895d	build output or media: rebuilt by scripts/, also in the release zip
third_party/buildroot	board/nintendo3ds/rootfs_overlay/system/lib/libdyntest.so	changed	5196	67232dda641028e9713abb28c138075118725610fa0e4cd5caff399e2b47e76b	build output or media: rebuilt by scripts/, also in the release zip
third_party/buildroot	board/nintendo3ds/rootfs_overlay/system/lib/libm.so	changed	110716	855565f755d84a0bf760ae8e3d72edcdf81bc66c36327c1966bf61a870a9f87b	build output or media: rebuilt by scripts/, also in the release zip
third_party/buildroot	board/nintendo3ds/rootfs_overlay/system/lib/modules/ath6kl.ko	changed	3817664	09d06253914e74c1834b00d1ac006bcc6e0c08a8bb741bca91b336c664e4b50d	build output or media: rebuilt by scripts/, also in the release zip
third_party/buildroot	board/nintendo3ds/rootfs_overlay/system/media/audio/alarms/Alarm_Beep_01.wav	changed	93210	5c29257dbb0c893671e75ebafc438cb71f3b23075bd8a8247bfaadff3a842dfb	build output or media: rebuilt by scripts/, also in the release zip
third_party/buildroot	board/nintendo3ds/rootfs_overlay/system/media/audio/alarms/Alarm_Beep_02.wav	changed	11004	e08f05aba52792e96015fabed05ceae291139387ed6c8feb241d782909e06320	build output or media: rebuilt by scripts/, also in the release zip
third_party/buildroot	board/nintendo3ds/rootfs_overlay/system/media/audio/alarms/Alarm_Beep_03.wav	changed	104702	e6541505951efb3b6a5343a9a98f739f6596fca78370288f0bc47d5a139c5eda	build output or media: rebuilt by scripts/, also in the release zip
third_party/buildroot	board/nintendo3ds/rootfs_overlay/system/media/audio/alarms/Alarm_Buzzer.wav	changed	48742	8ae9db4eb29764f69ddc3a4ff3516e9a21617474ec653f6a35f63283c555dd08	build output or media: rebuilt by scripts/, also in the release zip
third_party/buildroot	board/nintendo3ds/rootfs_overlay/system/media/audio/alarms/Alarm_Classic.wav	changed	423494	9c059f7957c8a6713edc72db2adb3db948cb24929005a5166fd87c3b3b9e36bd	build output or media: rebuilt by scripts/, also in the release zip
third_party/buildroot	board/nintendo3ds/rootfs_overlay/system/media/audio/alarms/Alarm_Rooster_02.wav	changed	73842	0a983c5bf420b80ae6291f113fd39014edccf5476400dff845dd67a10d717f89	build output or media: rebuilt by scripts/, also in the release zip
third_party/buildroot	board/nintendo3ds/rootfs_overlay/system/media/audio/notifications/Beat_Box_Android.wav	changed	88874	07ddaef55d53eaaa035110dee1a086a50e358e18acc0c96d6788b365c9d4fa3d	build output or media: rebuilt by scripts/, also in the release zip
third_party/buildroot	board/nintendo3ds/rootfs_overlay/system/media/audio/notifications/Bees_Knees.wav	changed	147380	8bd3d1d0a4102fa16ff2c790b03628be1dff6d9c0fb8c7f46eedf3328b627f73	build output or media: rebuilt by scripts/, also in the release zip
third_party/buildroot	board/nintendo3ds/rootfs_overlay/system/media/audio/notifications/CaffeineSnake.wav	changed	84750	cd6040488df40dabbbd81b3e6dafc132bf899f4613cab9dc497e5775e7b5adda	build output or media: rebuilt by scripts/, also in the release zip
third_party/buildroot	board/nintendo3ds/rootfs_overlay/system/media/audio/notifications/Cheeper.wav	changed	46162	c36c85e956a444fdf225e355915d04aeff3b33172d3621634810f06c6276166a	build output or media: rebuilt by scripts/, also in the release zip
third_party/buildroot	board/nintendo3ds/rootfs_overlay/system/media/audio/notifications/DearDeer.wav	changed	84750	f5a9e60065f055240f1f7599afcb1360d9e6771f456ba2c9d9b87d30ad3003b6	build output or media: rebuilt by scripts/, also in the release zip
third_party/buildroot	board/nintendo3ds/rootfs_overlay/system/media/audio/notifications/DontPanic.wav	changed	84750	25a56574eafc54ca87f49342b222a337a758dfea9d3a93bc624b161d9f6d5dfa	build output or media: rebuilt by scripts/, also in the release zip
third_party/buildroot	board/nintendo3ds/rootfs_overlay/system/media/audio/notifications/F1_MissedCall.wav	changed	31182	9c5a73314fda3bffc26377f02bce489e953ee125a89963dc28d5de96ea72f286	build output or media: rebuilt by scripts/, also in the release zip
third_party/buildroot	board/nintendo3ds/rootfs_overlay/system/media/audio/notifications/F1_NewVoicemail.wav	changed	55374	2abed9533ff23e79e890d9b388b76315378d9fc267695d155803b2b29a0a3af6	build output or media: rebuilt by scripts/, also in the release zip
third_party/buildroot	board/nintendo3ds/rootfs_overlay/system/media/audio/notifications/F1_New_MMS.wav	changed	57678	ddf4ddb75849a156db0da4d68c20fdce7409b8fd8fc32f40170e17a13e9c34e2	build output or media: rebuilt by scripts/, also in the release zip
third_party/buildroot	board/nintendo3ds/rootfs_overlay/system/media/audio/notifications/F1_New_SMS.wav	changed	28878	9c5ce92da99d999e6676d4a321382918680bb16b843ffe4c487a74c44b9e26ae	build output or media: rebuilt by scripts/, also in the release zip
third_party/buildroot	board/nintendo3ds/rootfs_overlay/system/media/audio/notifications/Heaven.wav	changed	88856	c460f4269ca35038aff632b8d0d17b78b8c82b2475a56ed0387a064aa031fd4b	build output or media: rebuilt by scripts/, also in the release zip
third_party/buildroot	board/nintendo3ds/rootfs_overlay/system/media/audio/notifications/Highwire.wav	changed	84750	4b96f2edb1b8194f8d1f19d4397c6fe82f572fcfea45a109c90a39908450dea4	build output or media: rebuilt by scripts/, also in the release zip
third_party/buildroot	board/nintendo3ds/rootfs_overlay/system/media/audio/notifications/IM_Me.wav	changed	75436	7309a9732f59cd8669dd8c0d8a373748813851183f43cdfd6353067986d2d548	build output or media: rebuilt by scripts/, also in the release zip
third_party/buildroot	board/nintendo3ds/rootfs_overlay/system/media/audio/notifications/KzurbSonar.wav	changed	84750	6d4caf43c425ef49e37816ad42089e7c6af6f17af96f909f2cc77ed0024bec85	build output or media: rebuilt by scripts/, also in the release zip
third_party/buildroot	board/nintendo3ds/rootfs_overlay/system/media/audio/notifications/OnTheHunt.wav	changed	84750	1a2c6736fd8308214bdac73f1f395aa24dea0a9256a9379531182781719fa20f	build output or media: rebuilt by scripts/, also in the release zip
third_party/buildroot	board/nintendo3ds/rootfs_overlay/system/media/audio/notifications/ShortCircuit.wav	changed	31458	bbb35cb923ff4dc8727a10968638a3dd31cada72f9c1e3749c9df103fa1d4a07	build output or media: rebuilt by scripts/, also in the release zip
third_party/buildroot	board/nintendo3ds/rootfs_overlay/system/media/audio/notifications/Star_Struck.wav	changed	141664	5afd952506d7c2ac196c6786124b4eedfa26dede3a4248fec41809819efdc719	build output or media: rebuilt by scripts/, also in the release zip
third_party/buildroot	board/nintendo3ds/rootfs_overlay/system/media/audio/notifications/TaDa.wav	changed	145320	9284ee280c9eee1ab8c599f60903a9e648fb1bb873961bceb0231f3691b950f0	build output or media: rebuilt by scripts/, also in the release zip
third_party/buildroot	board/nintendo3ds/rootfs_overlay/system/media/audio/notifications/Tinkerbell.wav	changed	48540	a0a1137d294553c66a2e43fb02695e60bf10db9812c3454f2151c0b5c1074699	build output or media: rebuilt by scripts/, also in the release zip
third_party/buildroot	board/nintendo3ds/rootfs_overlay/system/media/audio/notifications/Voila.wav	changed	84750	4a7c0a36650b872307def14721c1cfe13e521a45c5a235025772b5d41cdcc1b8	build output or media: rebuilt by scripts/, also in the release zip
third_party/buildroot	board/nintendo3ds/rootfs_overlay/system/media/audio/notifications/moonbeam.wav	changed	82736	937f9ea41dea72382f8ab98de0ac0becbc7d002ae6d814a76fa3c08664b13cb0	build output or media: rebuilt by scripts/, also in the release zip
third_party/buildroot	board/nintendo3ds/rootfs_overlay/system/media/audio/notifications/pixiedust.wav	changed	76316	1ced109c79c69fa69b54d81f9aa73ede652e1047fabcd5481bcef4805c877473	build output or media: rebuilt by scripts/, also in the release zip
third_party/buildroot	board/nintendo3ds/rootfs_overlay/system/media/audio/notifications/pizzicato.wav	changed	88390	072189b784656fbed6df8ebf0428a325c577c11c8de9f520afa993ec3fe27498	build output or media: rebuilt by scripts/, also in the release zip
third_party/buildroot	board/nintendo3ds/rootfs_overlay/system/media/audio/notifications/tweeters.wav	changed	34820	c4c07d1fd6030ceaf08aa80a8c9bca0983124382e840b2069305c3ee9ef1d106	build output or media: rebuilt by scripts/, also in the release zip
third_party/buildroot	board/nintendo3ds/rootfs_overlay/system/media/audio/ringtones/BeatPlucker.wav	changed	176478	af3e2c00b9bcc7197de67519ece6c889fc4a3f2c254dec4fe3ce0102df0e9932	build output or media: rebuilt by scripts/, also in the release zip
third_party/buildroot	board/nintendo3ds/rootfs_overlay/system/media/audio/ringtones/BentleyDubs.wav	changed	196080	075c768decf53a56b1fac87d6c6fd4506b284b9fee9855d0b164044d0dbbdedb	build output or media: rebuilt by scripts/, also in the release zip
third_party/buildroot	board/nintendo3ds/rootfs_overlay/system/media/audio/ringtones/BirdLoop.wav	changed	258226	2d6d64dff098fbfbba47a056327b84d00258c46f2de11a75f1497e643ca260b1	build output or media: rebuilt by scripts/, also in the release zip
third_party/buildroot	board/nintendo3ds/rootfs_overlay/system/media/audio/ringtones/CurveBall.wav	changed	176478	f10a58eadb740f7e12200b16b4ae90b965744886becbc995816851e21c2f721e	build output or media: rebuilt by scripts/, also in the release zip
third_party/buildroot	board/nintendo3ds/rootfs_overlay/system/media/audio/ringtones/EtherShake.wav	changed	176472	81d5bfb9f42f769a40a7f6db954ea14aabe59466acb040fca80f6502c98e3528	build output or media: rebuilt by scripts/, also in the release zip
third_party/buildroot	board/nintendo3ds/rootfs_overlay/system/media/audio/ringtones/Growl.wav	changed	255116	9ab07b5babcc5a3b63014cd2da191e0bb508c1dbc20f00cd48e9c1d89bddc520	build output or media: rebuilt by scripts/, also in the release zip
third_party/buildroot	board/nintendo3ds/rootfs_overlay/system/media/audio/ringtones/LoopyLounge.wav	changed	224788	ba85d6802e7b13e9bdf3298ccfb2ace3703826b82fe550526bba51b8c13006de	build output or media: rebuilt by scripts/, also in the release zip
third_party/buildroot	board/nintendo3ds/rootfs_overlay/system/media/audio/ringtones/LoveFlute.wav	changed	211760	fdce04de2c1c772598cab242f6156ae75114e4a82cda2f1dc19edd430d3d3c22	build output or media: rebuilt by scripts/, also in the release zip
third_party/buildroot	board/nintendo3ds/rootfs_overlay/system/media/audio/ringtones/MidEvilJaunt.wav	changed	169422	aeda2f81307dfb61dec1452d93967cb1652dd282c4689b28e54f94d10ad8c919	build output or media: rebuilt by scripts/, also in the release zip
third_party/buildroot	board/nintendo3ds/rootfs_overlay/system/media/audio/ringtones/MildlyAlarming.wav	changed	176478	24f0385810c21e4123fb0d4ad0970bd33c94bb212ab428eb90803ab95b7d14bb	build output or media: rebuilt by scripts/, also in the release zip
third_party/buildroot	board/nintendo3ds/rootfs_overlay/system/media/audio/ringtones/NewPlayer.wav	changed	88278	07479fd5850169ad7d57271b09426c0c296e2fe2d77a9993d5c4a8147867ee43	build output or media: rebuilt by scripts/, also in the release zip
third_party/buildroot	board/nintendo3ds/rootfs_overlay/system/media/audio/ringtones/Noises1.wav	changed	176478	d5fadea694dd713045b6e9247085ae2d01fc4a8c6c938798b1d2961bf716ed92	build output or media: rebuilt by scripts/, also in the release zip
third_party/buildroot	board/nintendo3ds/rootfs_overlay/system/media/audio/ringtones/OrganDub.wav	changed	192516	e4142a4bf559b43a84c42f9fa316ceecafac536d065d2f3f37cc2c4fe36173bc	build output or media: rebuilt by scripts/, also in the release zip
third_party/buildroot	board/nintendo3ds/rootfs_overlay/system/media/audio/ringtones/Ring_Classic_02.wav	changed	224718	651eef97ff9a8cf67a93fc8c64debb5fc9546f8ea2e6a1663fd503f300b39361	build output or media: rebuilt by scripts/, also in the release zip
third_party/buildroot	board/nintendo3ds/rootfs_overlay/system/media/audio/ringtones/Ring_Digital_02.wav	changed	163662	48b2a9a1d18bf413a9175c3698d43c6c1a5af332667a05752285a74b152b2b2c	build output or media: rebuilt by scripts/, also in the release zip
third_party/buildroot	board/nintendo3ds/rootfs_overlay/system/media/audio/ringtones/Ring_Synth_02.wav	changed	183246	6cfb9999659517dde5bf5ffed91d5b21eff99a0f8f5e0b4b66439d55262ce540	build output or media: rebuilt by scripts/, also in the release zip
third_party/buildroot	board/nintendo3ds/rootfs_overlay/system/media/audio/ringtones/Ring_Synth_04.wav	changed	162510	f4143317ef6f6add3d3fd46bc9499944edc8a4f03d711e6201828f7b3d0ee496	build output or media: rebuilt by scripts/, also in the release zip
third_party/buildroot	board/nintendo3ds/rootfs_overlay/system/media/audio/ringtones/Terminated.wav	changed	235280	cd19a01cce452a4189f8c84561dca59efd0fb5c21631d2eb8d7372a0bcbaac1b	build output or media: rebuilt by scripts/, also in the release zip
third_party/buildroot	board/nintendo3ds/rootfs_overlay/system/media/audio/ringtones/TwirlAway.wav	changed	176478	54aaeb9c8844b30df9b2f663c7706a012df5f852ee0e1e61b73d94f8fe0ac971	build output or media: rebuilt by scripts/, also in the release zip
third_party/buildroot	board/nintendo3ds/rootfs_overlay/system/media/audio/ringtones/World.wav	changed	184148	6d6c9820cc83909124a0d8edbcabd0dc206a422e19daea2fe9f70e166e99bf21	build output or media: rebuilt by scripts/, also in the release zip
third_party/buildroot	board/nintendo3ds/rootfs_overlay/system/media/audio/telco/caller.wav	changed	30134	9aa10432f0e1a2435320216e8f07be7f9482b03ed797bd7b3d05de5eff39ec29	build output or media: rebuilt by scripts/, also in the release zip
third_party/buildroot	board/nintendo3ds/rootfs_overlay/system/media/audio/telco/d0.wav	changed	26024	f99cd8e9d832cb4cae67869c3d908a92e2fc96bbc01e31a90c102d9bc73687e8	build output or media: rebuilt by scripts/, also in the release zip
third_party/buildroot	board/nintendo3ds/rootfs_overlay/system/media/audio/telco/d1.wav	changed	24576	c88b5b7ef91c3429bf39a312b53a495b8dec568241a865f7bcf8c4f648458389	build output or media: rebuilt by scripts/, also in the release zip
third_party/buildroot	board/nintendo3ds/rootfs_overlay/system/media/audio/telco/d2.wav	changed	20016	8d5257d49357f7bea36673e3794f9ae6faa1792c567e5bd81ee1aab42ffc5b29	build output or media: rebuilt by scripts/, also in the release zip
third_party/buildroot	board/nintendo3ds/rootfs_overlay/system/media/audio/telco/d3.wav	changed	22678	bad52c12bd487d6e3008fcf7d007da3f6c5ebbf26465b924f0f069b0b3eca678	build output or media: rebuilt by scripts/, also in the release zip
third_party/buildroot	board/nintendo3ds/rootfs_overlay/system/media/audio/telco/d4.wav	changed	24382	7881d5d8e617c59f3ff7f90b8340b6bc954a9fa85f7eb3f67a2ba2befde2ad3f	build output or media: rebuilt by scripts/, also in the release zip
third_party/buildroot	board/nintendo3ds/rootfs_overlay/system/media/audio/telco/d5.wav	changed	28050	8347d1fc93375dd2dcb6a262472a8e7f1802b6b4ba2627f397d1e55d6bf9cc9e	build output or media: rebuilt by scripts/, also in the release zip
third_party/buildroot	board/nintendo3ds/rootfs_overlay/system/media/audio/telco/d6.wav	changed	26696	5aa5b40f78c73008104180620a35f2dbc6b84f3d0929f3693b7f5a1bd717277a	build output or media: rebuilt by scripts/, also in the release zip
third_party/buildroot	board/nintendo3ds/rootfs_overlay/system/media/audio/telco/d7.wav	changed	28528	96bfeed2db16d3f1503a59325305174ae407cfb54c6aa18b3fe7f898e5e639c4	build output or media: rebuilt by scripts/, also in the release zip
third_party/buildroot	board/nintendo3ds/rootfs_overlay/system/media/audio/telco/d8.wav	changed	20580	fff0a7232a056373538869d8040d0976ebc6e95834ae68f6845edde365dbda99	build output or media: rebuilt by scripts/, also in the release zip
third_party/buildroot	board/nintendo3ds/rootfs_overlay/system/media/audio/telco/d9.wav	changed	28268	32fc6f3e8309f8fc5a1f9636d2809d40b9ee2d71e79cee58aa49570011c573b2	build output or media: rebuilt by scripts/, also in the release zip
third_party/buildroot	board/nintendo3ds/rootfs_overlay/system/media/audio/telco/recorded.wav	changed	127690	f79f25427d70dcc08274907a1948e5d6363ebf0caf2d7973c42cbca6d2583f12	build output or media: rebuilt by scripts/, also in the release zip
third_party/buildroot	board/nintendo3ds/rootfs_overlay/system/media/audio/telco/unavailable.wav	changed	154190	c7b9d6d8d0a78217c7b7b80acddda0371166a21f6e6590f0a3f065bd7c615e84	build output or media: rebuilt by scripts/, also in the release zip
third_party/buildroot	board/nintendo3ds/rootfs_overlay/system/media/audio/ui/Effect_Tick.wav	changed	2446	8ad012d035dbfba694fb7378cd0eb8128b402ab8400e54c47eb32f5281115efe	build output or media: rebuilt by scripts/, also in the release zip
third_party/buildroot	board/nintendo3ds/rootfs_overlay/system/media/audio/ui/KeypressDelete.wav	changed	7396	cf229564f36cb3ae0b4efb5f17fc93ac16b880e4aeee966c74eaee3e330ccb98	build output or media: rebuilt by scripts/, also in the release zip
third_party/buildroot	board/nintendo3ds/rootfs_overlay/system/media/audio/ui/KeypressReturn.wav	changed	16002	e1864338fbc251209796f8ddaa7d8a4bbd12cd3fe079868972542d7b5355b8b5	build output or media: rebuilt by scripts/, also in the release zip
third_party/buildroot	board/nintendo3ds/rootfs_overlay/system/media/audio/ui/KeypressSpacebar.wav	changed	12272	4ed62edd3d34967e8d4d2edcb80df4ce61b72d0bcf383106a197ee3ade36aa7e	build output or media: rebuilt by scripts/, also in the release zip
third_party/buildroot	board/nintendo3ds/rootfs_overlay/system/media/audio/ui/KeypressStandard.wav	changed	4420	a0f78d5a227ac884a3cfc1be6e260768ae2101c5a0e43a841737cc51f3c645f7	build output or media: rebuilt by scripts/, also in the release zip
third_party/buildroot	board/nintendo3ds/rootfs_overlay/system/media/audio/ui/VideoRecord.wav	changed	16758	c5b467a9d1e7eee66e3d915bcfd70ed9259d55f7c535ad4017a0dcf6bc675780	build output or media: rebuilt by scripts/, also in the release zip
third_party/buildroot	board/nintendo3ds/rootfs_overlay/system/media/audio/ui/camera_click.wav	changed	6350	e4f1d7ee83cb9bedea5bfc15681dbd98728215ba2233b0e69198072ff8e451c7	build output or media: rebuilt by scripts/, also in the release zip
third_party/buildroot	board/nintendo3ds/rootfs_overlay/system/media/bootanimation.zip	changed	175594	9c7614396133a50120e0be57d5590b0e9ccea2cd946f835cf6d2218422bee830	build output or media: rebuilt by scripts/, also in the release zip
third_party/buildroot	board/nintendo3ds/rootfs_overlay/system/media/bootsound.pcm	changed	313344	259b8bba827566762fe9e54ca1d27eeddfd8412cb67184b6a73ccde92e10a6ee	build output or media: rebuilt by scripts/, also in the release zip
third_party/buildroot	board/nintendo3ds/rootfs_overlay/system/media/images/android-logo-mask.png	changed	5306	270a6b786ad9a78572eea737bfcf74b243c458262bfec428823460f456b537a0	build output or media: rebuilt by scripts/, also in the release zip
third_party/buildroot	board/nintendo3ds/rootfs_overlay/system/media/images/android-logo-shine.png	changed	641	19a23fdaefd8d7f048b54d09a83d080b33801be58eb157169f375f4900c2e928	build output or media: rebuilt by scripts/, also in the release zip
third_party/buildroot	board/nintendo3ds/rootfs_overlay/system/usr/keychars/hid_buttons.kcm.bin	changed	896	5d68805472c378ca026a017226635b7331e6ba1b12b269b032db427fe660bc33	build output or media: rebuilt by scripts/, also in the release zip
third_party/buildroot	board/nintendo3ds/rootfs_overlay/system/usr/keychars/mcu_buttons.kcm.bin	changed	896	5d68805472c378ca026a017226635b7331e6ba1b12b269b032db427fe660bc33	build output or media: rebuilt by scripts/, also in the release zip
third_party/buildroot	board/nintendo3ds/rootfs_overlay/system/usr/keychars/n3ds_navigation.kcm.bin	changed	896	5d68805472c378ca026a017226635b7331e6ba1b12b269b032db427fe660bc33	build output or media: rebuilt by scripts/, also in the release zip
third_party/buildroot	board/nintendo3ds/rootfs_overlay/system/usr/keychars/qwerty.kcm.bin	changed	896	5d68805472c378ca026a017226635b7331e6ba1b12b269b032db427fe660bc33	build output or media: rebuilt by scripts/, also in the release zip
third_party/buildroot	board/nintendo3ds/rootfs_overlay/system/usr/share/zoneinfo/zoneinfo.dat	changed	168809	5089a0ba4aa40ddd9766e53cc760ffb157120c8da074deb21b80cd333ada8d94	build output or media: rebuilt by scripts/, also in the release zip
third_party/buildroot	board/nintendo3ds/rootfs_overlay/system/usr/share/zoneinfo/zoneinfo.idx	changed	29172	ea37d7942b91cad107b858313da900203da46851f84850907cf086f7b98ecd63	build output or media: rebuilt by scripts/, also in the release zip
third_party/buildroot	board/nintendo3ds/rootfs_overlay/usr/bin/dalvikvm	changed	5568256	524b41f89b422a7648116cce22329bfcd76f08924eed454a7af977ccf13c0645	build output or media: rebuilt by scripts/, also in the release zip
third_party/buildroot	board/nintendo3ds/rootfs_overlay/usr/bin/dalvikvm_debug	changed	5572376	f733decf97b7a06d9fb74c840e5452bdb1f0ae9d61420974de384ec3e25892bc	build output or media: rebuilt by scripts/, also in the release zip
third_party/buildroot	board/nintendo3ds/rootfs_overlay/usr/lib/firmware/3ds/dspfirm.cdc	changed	49756	8e213f3e71d2e3e45d1169bac6465a70eabeb22b303f1fa6d7679370ffad0f54	firmware: user-supplied, see README Firmware
third_party/buildroot	board/nintendo3ds/rootfs_overlay/usr/lib/firmware/ath6k/AR6002/athwlan.bin.z77	changed	98425	6e08f2c2017182a339d366b387b66d0a79695f1c843362f29ab77e11d3456a71	firmware: user-supplied, see README Firmware
third_party/buildroot	board/nintendo3ds/rootfs_overlay/usr/lib/firmware/ath6k/AR6002/data.patch.hw2_0.bin	changed	1336	706cd9400ecd85035f0834856458adece8ee76718226a640f7732accb4292268	firmware: user-supplied, see README Firmware
third_party/buildroot	board/nintendo3ds/rootfs_overlay/usr/lib/firmware/ath6k/AR6002/eeprom.bin	changed	784	a0754af6dddf6a80fbf96a04be201cf12a46f2eab65495326000acd5c30bf0f9	firmware: user-supplied, see README Firmware
third_party/buildroot	board/nintendo3ds/rootfs_overlay/usr/lib/firmware/ath6k/AR6002/eeprom.data	changed	48	2c8be8370f764cce2210c8198453de0d66be107707ded8577486899a227b33b8	firmware: user-supplied, see README Firmware
third_party/buildroot	board/nintendo3ds/rootfs_overlay/usr/lib/firmware/ath6k/AR6002/nwm/database.bin	changed	488	58da8ad2fea337e962d372f63fba639ec4b2bc9c6d5d812e00fa920304d59e03	firmware: user-supplied, see README Firmware
third_party/buildroot	board/nintendo3ds/rootfs_overlay/usr/lib/firmware/ath6k/AR6002/nwm/main_type1.bin	changed	6939	1b5a78f125edc275f9287171e75dba729cc527281389cf2d80af31fa34f6842b	firmware: user-supplied, see README Firmware
third_party/buildroot	board/nintendo3ds/rootfs_overlay/usr/lib/firmware/ath6k/AR6002/nwm/main_type4.bin	changed	42475	99eefbd87d843bef410f954c97eb9d1ec15d60aa2baf680849b12a33bf33d70b	firmware: user-supplied, see README Firmware
third_party/buildroot	board/nintendo3ds/rootfs_overlay/usr/lib/firmware/ath6k/AR6002/nwm/stub_code.bin	changed	790	c9605f17190be86b6a7aa54cc474b05992b3a91f9ea9801d4e2cf54827fa17ea	firmware: user-supplied, see README Firmware
third_party/buildroot	board/nintendo3ds/rootfs_overlay/usr/lib/firmware/ath6k/AR6002/nwm/stub_data.bin	changed	56	3487dcfde4fc771a7a5daa2ad8a3ff345b66bf048eb4e661cfa82d070c6d2d5d	firmware: user-supplied, see README Firmware
third_party/buildroot	board/nintendo3ds/rootfs_overlay/usr/lib/firmware/regulatory.db	changed	6308	9d171281bfe7acc5d203007427f6075b704b7a48ff42ae25b9f490a0118fe7d2	wireless-regdb (upstream, redistributable)
third_party/buildroot	board/nintendo3ds/rootfs_overlay/usr/lib/firmware/regulatory.db.p7s	changed	1085	d1170298577027c2da346242627ff6cad09fbebaa96a6b2de07ada7c873dd337	wireless-regdb (upstream, redistributable)
third_party/buildroot	board/nintendo3ds/rootfs_overlay/usr/sbin/servicemanager	changed	137428	0dcfada06fd753af3824c61b9d2329dd663b8a181b2a1845634bb9e7913cdb03	build output or media: rebuilt by scripts/, also in the release zip
third_party/latinime	dictionaries/en_us_wordlist.xml.gz	changed	832537	2cdd4874aef9706be952cb61869ef0b5aaa443a09e8567e400ba6cfef76114bf	build output or media: rebuilt by scripts/, also in the release zip
third_party/linux	drivers/staging/ath6k_legacy.zip	changed	5982898	0f9dbb500c007f9b4a27253681b64bc9ae1b653e93b589ba6f7ee7e16fa570fb	build output or media: rebuilt by scripts/, also in the release zip
